x,y,z
6.2223e+07,-7.2269e+07,6.1908e+27
-9.5902e+07,-2.539e+07,2.944e+27
-7.0121e+07,7.5843e+07,6.9815e+27
9.3407e+06,-2.8299e+06,2.982e+25
8.5336e+07,-5.4891e+07,4.8336e+27
2.6742e+07,-8.1499e+07,6.8208e+27
3.4938e+07,-9.6145e+07,9.549e+27
6.4833e+07,6.9797e+07,5.9225e+27
5.2391e+07,7.7615e+06,7.4644e+26
6.4048e+07,5.1947e+07,3.724e+27
3.5189e+06,-8.1471e+07,6.6407e+27
6.579e+07,8.3289e+07,8.0191e+27
1.7317e+07,-2.9158e+07,9.2518e+26
1.6671e+06,-7.757e+07,6.0178e+27
-7.6698e+07,-1.2308e+06,1.4722e+27
-7.1247e+07,-1.1855e+07,1.4096e+27
-8.4825e+07,-2.8711e+07,2.6231e+27
-3.0799e+07,-7.74e+06,2.9705e+26
-6.8454e+07,-2.3504e+07,1.7239e+27
-7.7325e+07,6.9533e+07,6.3296e+27
5.0147e+07,-4.199e+07,2.3919e+27
1.7597e+07,-3.6981e+07,1.445e+27
-8.3406e+07,-3.4577e+07,2.9347e+27
5.1104e+07,9.7767e+07,1.0211e+28
-9.0929e+07,2.1369e+07,2.5236e+27
-6.6096e+07,-8.9259e+07,9.0593e+27
-2.7831e+07,2.2649e+07,7.0659e+26
-1.8949e+07,8.6895e+07,7.6406e+27
3.0551e+07,-5.7469e+07,3.536e+27
-7.5725e+07,-7.8514e+06,1.4952e+27
5.5097e+07,-5.8638e+07,4.1973e+27
3.5274e+07,2.3625e+07,8.6922e+26
8.8089e+07,-9.7737e+07,1.1492e+28
-3.4804e+07,-7.953e+07,6.6279e+27
1.0998e+07,6.4845e+07,4.2352e+27
-6.4806e+06,-2.2785e+06,1.5691e+25
-6.4938e+07,-8.8527e+07,8.8913e+27
-7.1903e+06,-5.2247e+07,2.7427e+27
6.8708e+07,7.9383e+07,7.4819e+27
-3.0107e+07,4.5808e+07,2.325e+27
-4.7257e+07,7.9813e+07,6.9284e+27
5.3016e+06,5.0005e+07,2.5076e+27
2.7237e+07,8.019e+07,6.6159e+27
-4.2853e+06,5.6713e+06,3.6754e+25
-6.4946e+07,-9.7279e+07,1.0518e+28
-4.4985e+07,-9.62e+07,9.7603e+27
-8.3333e+07,5.8922e+07,5.2078e+27
8.8483e+07,2.3159e+06,1.9627e+27
-5.0478e+07,2.7442e+06,6.4454e+26
7.0229e+07,7.1519e+07,6.348e+27
-4.0541e+07,2.7114e+07,1.1461e+27
9.7795e+07,6.8607e+07,7.0979e+27
-9.6022e+07,-3.061e+06,2.3144e+27
5.3765e+07,8.411e+07,7.7971e+27
-3.3728e+07,3.7433e+07,1.6856e+27
8.6147e+07,-6.2946e+07,5.8176e+27
-9.2445e+07,8.8592e+07,9.9851e+27
6.8042e+07,-4.216e+07,2.9349e+27
6.2402e+07,-1.6771e+07,1.2548e+27
-1.2291e+07,8.3594e+07,7.0257e+27
2.7989e+06,1.1321e+07,1.3013e+26
4.1041e+07,-3.2743e+06,4.3182e+26
-8.0069e+07,-4.3773e+07,3.5188e+27
-9.6675e+07,9.6224e+07,1.1596e+28
8.5464e+07,-8.1831e+07,8.5224e+27
-8.538e+07,1.7226e+07,2.1191e+27
5.8587e+07,-4.1305e+07,2.5643e+27
2.1382e+07,-7.9821e+07,6.4857e+27
-4.8062e+07,-2.5419e+06,5.8396e+26
8.3462e+07,5.7583e+07,5.0573e+27
8.9551e+07,-5.8808e+07,5.4632e+27
-9.4908e+07,-7.4496e+07,7.8015e+27
-7.2745e+07,6.1413e+07,5.0946e+27
-2.7439e+07,4.42e+07,2.1419e+27
3.6321e+07,7.8854e+07,6.5477e+27
-7.9952e+07,2.3535e+07,2.152e+27
-9.9904e+07,4.0988e+07,4.1753e+27
-3.9074e+07,4.7633e+07,2.6506e+27
5.6706e+07,3.7993e+07,2.2474e+27
3.9996e+07,8.5096e+07,7.6413e+27
-3.8634e+07,2.4897e+07,9.93e+26
-3.619e+07,6.5006e+07,4.5533e+27
1.1293e+07,-8.2149e+07,6.7804e+27
3.7722e+07,8.1854e+06,4.2273e+26
-4.9061e+07,2.7488e+06,6.093e+26
2.9905e+07,-4.9863e+06,2.4844e+26
-3.0405e+07,-5.8343e+06,2.6516e+26
-8.7189e+07,8.7557e+06,1.9772e+27
-1.563e+07,2.8422e+07,8.6889e+26
-6.7794e+07,8.3447e+07,8.1124e+27
-6.306e+06,6.5995e+07,4.3652e+27
3.2378e+07,3.7068e+06,2.7583e+26
-1.0053e+07,-5.6051e+07,3.1669e+27
-1.8906e+07,5.4735e+07,3.0853e+27
4.6343e+07,1.7835e+07,8.5499e+26
6.0654e+07,-6.8844e+07,5.6592e+27
-9.6205e+07,3.9445e+07,3.8697e+27
-6.3291e+06,7.3655e+07,5.4351e+27
6.2388e+07,8.5687e+07,8.3153e+27
-3.7342e+07,9.3814e+07,9.1496e+27
-8.9292e+07,1.6755e+07,2.274e+27
7.2865e+07,3.4729e+07,2.5335e+27
-3.974e+07,-1.5406e+07,6.3216e+26
6.8678e+07,9.8114e+06,1.2754e+27
-8.9648e+07,-4.535e+07,4.0658e+27
-1.1521e+06,4.9144e+07,2.4154e+27
-5.1627e+07,5.3084e+07,3.4843e+27
2.3306e+06,5.243e+07,2.7502e+27
2.3624e+06,4.5215e+07,2.0458e+27
-5.8816e+07,2.8659e+07,1.6862e+27
-1.0397e+07,3.0372e+07,9.4947e+26
5.2709e+07,4.8235e+07,3.0212e+27
5.8351e+07,-6.7271e+06,8.9646e+26
-5.3625e+07,7.464e+07,6.29e+27
-8.9283e+07,5.0879e+07,4.5816e+27
-4.5665e+07,-9.2807e+07,9.1345e+27
-4.6927e+07,7.452e+07,6.1038e+27
5.5806e+07,3.876e+07,2.281e+27
6.4807e+07,-6.8636e+07,5.7609e+27
9.7706e+07,-8.6097e+07,9.7993e+27
-3.1301e+07,5.4983e+07,3.2681e+27
2.7999e+07,1.3527e+07,3.7898e+26
-5.937e+07,-8.4098e+07,7.9537e+27
-8.2876e+07,6.0718e+07,5.4038e+27
-1.9228e+07,1.7237e+07,3.8954e+26
1.9751e+07,-2.5924e+07,7.6958e+26
-7.7721e+07,6.0967e+07,5.2272e+27
2.0764e+07,3.6457e+07,1.4369e+27
7.1673e+07,6.9532e+07,6.1189e+27
9.9692e+07,-5.8011e+07,5.8499e+27
-7.2512e+07,-9.3299e+07,1.0019e+28
6.6024e+07,2.8838e+07,1.9214e+27
1.4447e+07,4.3503e+07,1.9447e+27
-9.4528e+07,7.7894e+07,8.3013e+27
8.6274e+07,1.5337e+07,2.096e+27
3.886e+07,4.9922e+07,2.8697e+27
6.3012e+07,8.4543e+07,8.1401e+27
4.781e+07,5.5755e+07,3.6801e+27
9.8315e+06,-4.3956e+07,1.9563e+27
-1.2525e+05,-4.2828e+07,1.8343e+27
-4.434e+07,6.0485e+07,4.1499e+27
-4.9705e+07,-3.3883e+07,1.7657e+27
5.3264e+07,-2.6848e+07,1.4301e+27
6.5275e+07,6.7977e+07,5.6861e+27
1.8343e+07,3.5916e+07,1.3741e+27
8.6086e+07,6.0917e+06,1.8898e+27
-1.5959e+07,-3.4926e+07,1.2835e+27
8.3468e+07,-6.832e+07,6.4094e+27
-4.7488e+06,3.7948e+07,1.4457e+27
-5.8406e+07,-2.7634e+06,8.6045e+26
-8.0261e+07,5.2618e+06,1.6382e+27
-2.7111e+07,2.8488e+07,9.9532e+26
-3.6525e+07,6.9254e+07,5.1297e+27
-3.1697e+06,9.9101e+07,9.8235e+27
9.9972e+06,-1.8907e+07,3.8244e+26
-1.6632e+06,1.6324e+07,2.6717e+26
-2.9087e+07,7.822e+07,6.33e+27
-6.4428e+07,5.5444e+07,4.1117e+27
2.04e+06,2.933e+07,8.613e+26
7.3494e+07,-4.9867e+07,3.8371e+27
5.293e+07,-8.5415e+07,7.9961e+27
3.9155e+07,9.4464e+07,9.3067e+27
-4.2635e+07,-6.3507e+07,4.4875e+27
-6.2349e+07,5.1885e+07,3.6639e+27
-4.5312e+07,-5.4332e+07,3.4652e+27
5.7164e+07,-5.0873e+06,8.4281e+26
-6.0635e+07,-2.282e+07,1.4399e+27
-6.2932e+07,-4.0896e+07,2.6626e+27
-9.202e+07,3.8072e+07,3.5665e+27
2.1012e+07,-5.3227e+06,1.3871e+26
-2.8689e+07,8.7555e+07,7.8716e+27
-4.81e+07,-8.0662e+07,7.0848e+27
8.2332e+05,5.3072e+07,2.8169e+27
6.4477e+07,-2.4579e+07,1.6434e+27
7.0741e+07,-3.9544e+07,2.8148e+27
-1.4312e+07,6.2802e+07,3.9953e+27
8.4009e+07,3.0166e+07,2.6744e+27
6.4153e+07,-3.5826e+07,2.3124e+27
2.8105e+07,-4.6411e+07,2.3514e+27
-8.2857e+07,-2.6774e+07,2.4332e+27
-2.4106e+07,1.1175e+07,2.7016e+26
-2.0239e+07,-3.4892e+07,1.3198e+27
-8.1137e+07,3.9784e+07,3.2285e+27
2.5582e+07,-3.1668e+07,1.1665e+27
-4.7367e+07,-7.7408e+07,6.5529e+27
2.7401e+07,2.6988e+07,9.1605e+26
-4.7529e+07,8.4483e+07,7.7022e+27
-4.5525e+07,7.0665e+07,5.5117e+27
-5.2301e+07,5.7848e+07,4.0303e+27
6.0717e+07,-6.5535e+05,9.2208e+26
4.1946e+07,3.4676e+07,1.6423e+27
-4.5736e+06,7.4468e+07,5.5507e+27
6.0657e+07,-5.9697e+06,9.5546e+26
3.6388e+07,-7.2752e+07,5.6238e+27
-8.0282e+07,6.1876e+07,5.4399e+27
-3.4923e+07,3.4269e+07,1.4793e+27
-8.2985e+07,-6.7191e+07,6.2363e+27
7.017e+07,-1.4018e+07,1.4274e+27
6.3472e+07,-7.0286e+07,5.9472e+27
-9.0219e+07,-6.8338e+07,6.7049e+27
-9.8154e+07,-5.0055e+07,4.914e+27
2.5588e+06,-8.3706e+07,7.0084e+27
-5.1626e+07,-4.5935e+07,2.7764e+27
9.1489e+07,1.6397e+06,2.0953e+27
2.0575e+07,-2.6094e+07,7.8675e+26
-5.1213e+07,6.1606e+07,4.451e+27
2.9005e+07,3.4349e+07,1.3902e+27
-4.2258e+07,7.9465e+07,6.7611e+27
2.8651e+06,-5.0319e+07,2.5341e+27
1.5546e+07,-1.5528e+07,3.0155e+26
6.999e+07,7.1943e+07,6.4004e+27
-4.019e+06,7.0911e+07,5.0324e+27
-2.7549e+07,8.2391e+07,6.9781e+27
5.4776e+07,-7.969e+07,7.1007e+27
-4.5951e+07,8.9915e+05,5.2867e+26
-5.7308e+07,-7.7907e+07,6.8906e+27
-6.0804e+05,2.3989e+07,5.7557e+26
6.9178e+07,-3.5793e+07,2.4775e+27
-8.4676e+07,-9.9771e+07,1.1747e+28
-5.1634e+07,5.8231e+07,4.0574e+27
-5.6216e+07,-3.0942e+06,7.9964e+26
7.3048e+07,1.5763e+05,1.334e+27
8.4643e+07,-2.6557e+07,2.4964e+27
3.6807e+07,8.3459e+07,7.3041e+27
-3.7128e+07,7.9634e+07,6.6862e+27
7.0242e+07,-5.3943e+07,4.1433e+27
5.1138e+07,4.6494e+07,2.8155e+27
-3.5368e+07,-4.5691e+07,2.4004e+27
-1.0649e+07,8.9842e+07,8.1e+27
-3.9637e+07,-5.3506e+07,3.2557e+27
7.8698e+07,1.2868e+07,1.7139e+27
4.0812e+07,4.213e+06,4.3415e+26
3.034e+07,5.4506e+07,3.201e+27
-4.9588e+07,2.0371e+07,1.0297e+27
8.5423e+07,-8.6405e+07,9.2901e+27
1.3849e+07,-8.168e+07,6.7196e+27
8.8282e+07,9.1737e+07,1.0364e+28
-4.2909e+07,9.1955e+07,8.9161e+27
-4.2762e+07,2.1533e+07,9.2082e+26
-5.262e+07,-9.5604e+07,9.8323e+27
-5.0865e+07,3.3618e+07,1.777e+27
6.6237e+07,-4.9755e+07,3.5724e+27
-6.7871e+07,-1.0451e+07,1.2609e+27
4.7937e+07,-5.9404e+07,4.1034e+27
7.4263e+07,-5.6138e+07,4.5302e+27
8.321e+07,5.5955e+07,4.8619e+27
4.1824e+07,4.7564e+07,2.6996e+27
-8.9501e+07,-8.681e+07,9.5385e+27
9.0759e+07,1.5021e+07,2.285e+27
1.4745e+07,2.3869e+07,6.2407e+26
6.3823e+07,-1.5574e+07,1.2609e+27
-5.0119e+07,2.015e+07,1.034e+27
6.7816e+06,-9.2089e+07,8.4919e+27
9.4402e+06,4.2579e+06,4.0409e+25
1.0438e+07,-6.724e+07,4.5485e+27
6.5823e+07,-6.2336e+07,4.969e+27
9.8351e+07,-4.8286e+07,4.7498e+27
-8.1764e+07,4.6266e+07,3.8119e+27
1.0027e+07,9.799e+07,9.6271e+27
-5.2579e+07,5.5222e+07,3.7406e+27
2.8445e+07,5.6393e+07,3.3824e+27
-5.542e+07,-4.4837e+07,2.7783e+27
-9.3526e+07,-5.5225e+07,5.2365e+27
7.396e+07,6.3463e+07,5.3951e+27
6.217e+07,-8.9801e+07,9.0305e+27
2.4508e+07,2.6591e+07,8.5726e+26
3.6613e+07,9.2627e+07,8.9149e+27
1.6174e+07,1.1483e+07,1.9726e+26
-4.8765e+07,5.0335e+07,3.1281e+27
5.8458e+07,-6.6296e+07,5.2495e+27
5.2371e+07,1.2155e+07,8.3343e+26
3.7376e+07,-6.5905e+07,4.6927e+27
3.8056e+07,9.1194e+07,8.6784e+27
7.6107e+07,-7.8601e+07,7.6263e+27
-6.5897e+06,2.7108e+07,7.4568e+26
-5.0169e+07,-9.748e+07,1.0132e+28
7.0961e+07,3.0145e+07,2.1676e+27
-4.4875e+07,-8.0626e+05,5.041e+26
5.9351e+07,-8.1791e+07,7.5705e+27
-9.4565e+07,-2.1107e+07,2.6811e+27
-8.3375e+07,2.7693e+07,2.5047e+27
-3.2073e+07,-9.9186e+07,1.0095e+28
6.5352e+07,8.0008e+07,7.469e+27
6.6043e+07,2.5861e+07,1.7592e+27
9.8253e+07,3.1275e+07,3.3915e+27
2.3029e+07,9.3672e+07,8.9071e+27
8.3585e+07,-2.7029e+07,2.4772e+27
-4.2198e+07,-1.7576e+07,7.5409e+26
-1.6498e+07,5.3399e+07,2.9195e+27
-6.5582e+07,-5.6191e+07,4.2326e+27
2.1394e+07,-3.1125e+07,1.0832e+27
-1.6753e+07,1.9338e+07,4.4414e+26
6.7596e+07,2.0464e+07,1.5611e+27
-8.3626e+07,4.4225e+07,3.7042e+27
-9.85e+07,-9.847e+07,1.2122e+28
8.6598e+07,4.3858e+07,3.7983e+27
3.8295e+07,2.3637e+07,9.2533e+26
5.4613e+07,6.4726e+07,4.9351e+27
-8.33e+07,-9.9719e+07,1.1679e+28
9.136e+07,8.7829e+07,9.8005e+27
-5.2648e+07,-1.2889e+06,6.9461e+26
-5.9398e+07,-2.8493e+07,1.6939e+27
6.266e+07,4.6162e+07,3.1125e+27
-4.5445e+07,4.3552e+07,2.4131e+27
-3.7512e+07,-9.3916e+07,9.172e+27
-9.4774e+07,5.9795e+07,5.821e+27
3.06e+07,8.4927e+06,3.0622e+26
-7.644e+07,-3.7467e+07,2.8646e+27
-5.7808e+07,2.1822e+07,1.3116e+27
-3.2838e+07,-2.2621e+07,7.813e+26
9.7826e+07,9.6854e+07,1.1773e+28
1.0958e+07,-5.4033e+07,2.9496e+27
2.0757e+07,3.0517e+06,1.1702e+26
-7.7504e+07,8.4519e+07,8.6452e+27
-1.1737e+07,-3.4551e+07,1.2282e+27
8.0753e+07,-9.5586e+07,1.0767e+28
-7.8546e+07,4.3709e+07,3.4528e+27
2.6833e+07,-1.4782e+07,3.9851e+26
-8.8684e+06,3.3511e+07,1.1427e+27
-2.4719e+07,2.4863e+06,1.5894e+26
-7.9557e+07,8.5617e+07,8.9126e+27
-4.0928e+07,1.7328e+06,4.2177e+26
-9.3077e+07,-2.7111e+07,2.9009e+27
9.7648e+07,-3.4763e+07,3.5923e+27
-2.248e+07,-8.9096e+07,8.0645e+27
-3.6509e+07,4.0856e+07,2.0025e+27
4.9615e+07,5.2396e+07,3.3607e+27
6.8773e+06,-9.1504e+06,9.5554e+25
-9.6901e+06,-1.4209e+07,2.2536e+26
4.15e+07,8.7326e+07,8.0565e+27
6.1387e+07,2.0825e+06,9.4643e+26
9.5728e+07,2.8318e+07,3.0929e+27
7.0275e+07,-9.3229e+07,9.9264e+27
5.7424e+06,6.5621e+07,4.3144e+27
3.7992e+07,5.4601e+07,3.3421e+27
9.6914e+07,-8.5099e+07,9.5899e+27
5.7745e+07,4.2995e+07,2.6822e+27
7.1178e+07,9.4309e+07,1.0161e+28
2.6392e+07,1.6535e+07,4.4755e+26
-1.9689e+07,-5.9175e+07,3.5986e+27
-7.1593e+07,-9.2829e+07,9.8985e+27
9.7856e+07,2.584e+07,3.0616e+27
5.4496e+07,-7.1063e+07,5.7923e+27
7.9652e+07,-7.3124e+07,6.9332e+27
-1.0978e+07,-1.5046e+07,2.5651e+26
-1.9539e+05,2.8249e+07,7.9799e+26
-3.0537e+07,6.5481e+07,4.521e+27
-1.0861e+07,8.6926e+07,7.5856e+27
-8.7717e+07,9.4823e+06,2.0135e+27
2.7349e+07,-5.7754e+07,3.5225e+27
3.2751e+07,92156,2.6817e+26
-3.5281e+07,-2.9948e+07,1.2081e+27
-2.0934e+07,6.0546e+07,3.7754e+27
-9.7764e+07,5.5092e+07,5.4246e+27
-5.1122e+07,3.7733e+07,2.0771e+27
8.3243e+07,2.6449e+07,2.4319e+27
-9.0973e+06,-2.4492e+07,6.2054e+26
2.8949e+07,-8.8928e+07,8.1177e+27
-7.4786e+07,-7.8383e+07,7.5421e+27
5.6201e+06,2.3667e+07,5.6801e+26
4.3018e+07,2.7895e+06,4.7041e+26
-3.9305e+07,-3.1e+07,1.3472e+27
6.1093e+07,-2.6386e+07,1.6293e+27
-2.7098e+07,-2.4255e+07,7.7185e+26
-2.4045e+07,3.9421e+07,1.6985e+27
-8.1948e+07,-3.9034e+07,3.2025e+27
-4.9258e+07,-5.9919e+06,6.4249e+26
-5.727e+07,-8.2936e+06,8.8875e+26
7.6715e+07,6.7957e+06,1.5175e+27
6.909e+06,-1.6342e+07,2.7901e+26
4.8104e+07,4.6325e+07,2.7245e+27
4.6076e+07,7.3626e+07,5.9516e+27
4.4687e+07,-3.6265e+07,1.8144e+27
-9.3061e+07,2.9015e+07,3.007e+27
5.3852e+05,-4.9016e+07,2.4026e+27
3.2968e+07,4.37e+07,2.1814e+27
-8.4132e+07,-1.4812e+07,1.989e+27
3.2158e+07,2.8537e+07,1.0729e+27
5.3895e+07,3.5763e+07,2.0052e+27
-7.3049e+07,-5.3402e+07,4.1858e+27
3.8945e+07,3.5621e+07,1.648e+27
1.8452e+07,4.6262e+07,2.2252e+27
4.3171e+07,5.4191e+07,3.4026e+27
-3.5542e+05,2.9566e+07,8.7416e+26
-2.8814e+07,4.424e+07,2.1648e+27
-8.7895e+07,4.7483e+07,4.186e+27
-5.253e+07,7.3696e+07,6.121e+27
-6.9749e+06,5.7929e+07,3.3679e+27
6.6402e+07,-5.3635e+06,1.1311e+27
6.3769e+07,-3.7231e+07,2.4028e+27
-3.2947e+07,-4.2004e+06,2.8901e+26
-6.6519e+06,6.3457e+07,4.0379e+27
-2.9006e+07,6.9715e+07,5.0705e+27
5.7154e+07,-1.4692e+07,1.0325e+27
7.4592e+07,5.0686e+07,3.9601e+27
-4.4271e+07,-1.6878e+07,7.7485e+26
-3.46e+07,-4.9995e+07,2.7988e+27
-4.089e+07,-7.1314e+07,5.5037e+27
-9.2601e+07,-2.0373e+07,2.5588e+27
3.1592e+07,-1.7726e+07,5.6373e+26
-2.6774e+07,-6.4419e+07,4.329e+27
5.4155e+07,4.8577e+07,3.0929e+27
7.0747e+07,-4.8946e+07,3.647e+27
-8.8569e+07,3.1387e+07,2.9463e+27
2.5127e+07,-1.6092e+07,4.168e+26
-1.0226e+07,-2.633e+07,7.1939e+26
5.7498e+07,-9.4963e+07,9.8444e+27
-7.193e+07,-7.0522e+07,6.2668e+27
4.2878e+07,2.8585e+07,1.2767e+27
8.5464e+07,9.8013e+07,1.1433e+28
4.9429e+07,-2.0453e+07,1.0291e+27
2.5795e+07,-4.0495e+07,1.8062e+27
2.1819e+07,-9.1651e+07,8.5189e+27
-2.2193e+07,-3.1418e+07,1.1102e+27
5.9566e+07,7.2207e+07,6.1009e+27
-1.0966e+06,-3.9247e+07,1.5406e+27
-4.2065e+07,-6.3409e+07,4.4631e+27
-1.2551e+07,3.8539e+07,1.5246e+27
5.2342e+07,-9.5846e+06,7.7679e+26
-8.864e+07,5.0446e+07,4.509e+27
9.755e+07,3.9866e+07,3.9683e+27
-6.2882e+07,7.4195e+07,6.4935e+27
4.8713e+07,-7.5049e+07,6.2257e+27
-5.3639e+06,-3.3577e+07,1.1346e+27
4.696e+07,-9.714e+07,9.9875e+27
-8.7523e+07,6.1375e+07,5.6819e+27
-2.9035e+07,1.9859e+07,6.0513e+26
-7.7629e+07,5.8221e+07,4.8963e+27
4.9276e+07,8.3546e+06,6.7683e+26
-3.3853e+06,3.6084e+07,1.3049e+27
2.5462e+06,-4.2816e+07,1.8348e+27
9.8216e+07,4.9007e+07,4.8133e+27
3.0031e+07,-2.7982e+07,1.0084e+27
-1.1701e+07,-5.3724e+07,2.9205e+27
5.5971e+07,-8.8794e+07,8.6675e+27
7.0694e+07,1.6757e+07,1.5302e+27
-5.9549e+07,8.6928e+07,8.4429e+27
2.5411e+06,8.2119e+07,6.7451e+27
8.9628e+07,-7.047e+07,6.9743e+27
-1.5012e+07,6.2972e+07,4.0218e+27
8.675e+07,3.7016e+07,3.2516e+27
-4.533e+07,-7.3456e+07,5.9095e+27
3.9485e+07,9.5865e+06,4.8166e+26
-6.1481e+07,-2.1966e+06,9.4982e+26
-5.0623e+07,-1.5427e+07,8.7867e+26
-5.046e+07,-7.1225e+07,5.7096e+27
7.4459e+07,-7.5056e+07,7.0194e+27
1.216e+07,3.5011e+07,1.2627e+27
2.4606e+07,3.2926e+07,1.2355e+27
-5.4145e+07,-5.8905e+07,4.2027e+27
6.9624e+07,-6.2341e+07,5.0982e+27
8.8144e+07,5.8088e+06,1.9761e+27
-2.1013e+07,-7.4421e+07,5.6489e+27
5.5431e+06,5.3738e+07,2.8955e+27
7.5196e+07,-2.8993e+07,2.2542e+27
-7.1013e+07,5.5185e+07,4.3061e+27
4.434e+07,-8.9903e+07,8.5741e+27
8.1916e+07,-9.4076e+07,1.0528e+28
-8.6982e+07,1.2637e+07,2.0512e+27
4.7058e+07,4.326e+07,2.425e+27
2.77e+07,1.8164e+06,1.9513e+26
8.8632e+07,-4.0203e+07,3.5801e+27
-3.0308e+07,-3.9841e+07,1.817e+27
1.9218e+07,-7.4666e+07,5.6673e+27
-8.3303e+07,7.2127e+07,6.9372e+27
-6.9418e+06,-4.8893e+07,2.4025e+27
-8.7813e+07,-8.0744e+07,8.4473e+27
-2.5735e+06,2.8027e+07,7.8717e+26
-4.9043e+07,-4.6843e+07,2.7956e+27
2.4353e+07,-3.5587e+07,1.4147e+27
-1.6164e+07,2.4364e+07,6.589e+26
-5.1767e+07,-8.093e+07,7.2196e+27
6.036e+07,-7.0489e+06,9.6051e+26
-8.5638e+07,-9.3418e+07,1.056e+28
-2.8951e+06,-5.8086e+07,3.3761e+27
3.5542e+07,-8.6971e+07,7.8798e+27
5.372e+07,-2.2828e+06,7.2668e+26
2.4431e+07,-8.4511e+07,7.2912e+27
-4.0841e+07,-1.5861e+07,6.6858e+26
-7.8259e+07,7.5826e+07,7.2808e+27
-8.2384e+07,3.7102e+07,3.0733e+27
-7.9638e+07,9.66e+07,1.0917e+28
3.432e+07,8.8873e+07,8.1928e+27
-2.8142e+07,8.9783e+07,8.2591e+27
-3.3537e+07,7.9374e+06,3.4418e+26
-8.0184e+07,-1.5885e+07,1.8597e+27
-9.8869e+07,-8.938e+07,1.0432e+28
7.2959e+07,3.0899e+07,2.2855e+27
-6.048e+07,2.297e+07,1.442e+27
7.814e+07,4.5267e+07,3.5756e+27
7.7657e+07,2.016e+07,1.9141e+27
5.9849e+07,-6.6096e+07,5.2641e+27
-9.8292e+07,-5.467e+07,5.4042e+27
5.8845e+06,-3.9593e+07,1.5763e+27
1.4999e+07,4.9965e+07,2.5528e+27
9.7161e+06,7.9708e+07,6.3769e+27
-4.1696e+07,-1.6742e+07,7.1495e+26
9.6142e+07,-9.931e+06,2.4095e+27
-3.3746e+07,-9.133e+07,8.626e+27
-4.6329e+07,5.7629e+06,5.698e+26
-8.8194e+07,-8.9894e+07,1.0026e+28
-6.4646e+07,-3.6972e+07,2.4117e+27
-8.894e+07,-7.3391e+07,7.3638e+27
8.0078e+07,9.0192e+07,9.7377e+27
-5.9615e+07,4.2818e+07,2.7218e+27
2.7183e+07,1.0603e+07,2.9716e+26
4.3676e+07,-9.2687e+07,9.0678e+27
-4.6106e+07,-5.8933e+07,4.0046e+27
-2.8484e+07,6.19e+07,4.0345e+27
5.8749e+07,6.9819e+07,5.7375e+27
-5.4693e+06,8.4681e+07,7.1784e+27
1.6295e+07,4.4913e+07,2.0835e+27
-4.0811e+07,-3.5636e+07,1.6863e+27
-1.3976e+07,-9.182e+05,4.9675e+25
-6.3906e+06,-7.3992e+06,6.4958e+25
7.6652e+07,1.7583e+06,1.472e+27
-4.7961e+07,-2.9609e+06,5.8382e+26
3.9068e+07,2.3024e+07,9.1167e+26
-7.1068e+06,-5.5729e+07,3.1184e+27
-6.7527e+07,3.7014e+07,2.51e+27
-7.942e+06,1.5571e+07,2.5822e+26
-5.5876e+07,6.4016e+07,4.8785e+27
2.2968e+07,-1.5573e+07,3.744e+26
3.5749e+07,-2.7167e+07,1.0576e+27
-4.854e+07,-6.9165e+07,5.3729e+27
2.028e+07,6.9352e+07,4.9125e+27
-4.8477e+07,4.825e+07,2.9155e+27
-6.9678e+07,-9.4946e+07,1.0229e+28
-3.6649e+07,8.5696e+07,7.6795e+27
6.4884e+07,-4.3013e+07,2.9026e+27
2.4625e+07,1.4722e+07,3.6833e+26
-9.5042e+07,9.6182e+07,1.1509e+28
8.6203e+07,-8.9362e+07,9.8433e+27
-7.5501e+07,-5.1116e+07,4.038e+27
1.3877e+07,7.3508e+07,5.4515e+27
-6.5133e+07,2.9837e+07,1.9508e+27
8.0834e+07,-2.0993e+07,2.0742e+27
2.2589e+07,4.2187e+07,1.9073e+27
-4.7597e+07,-3.09e+07,1.5212e+27
-9.8804e+07,-1.726e+07,2.7384e+27
-5.0828e+07,5.9001e+07,4.127e+27
-7.9458e+06,4.0069e+07,1.6213e+27
4.5515e+07,6.7781e+07,5.1122e+27
-1.2487e+07,8.9061e+07,7.9708e+27
3.6403e+07,-4.2367e+07,2.1263e+27
-6.1647e+07,8.1461e+07,7.5859e+27
1.0133e+07,8.0168e+07,6.4525e+27
3.7092e+07,-4.6031e+07,2.4628e+27
5.9009e+07,2.6402e+07,1.5676e+27
-5.0049e+07,-5.1439e+07,3.2722e+27
-7.8291e+07,3.784e+07,2.9642e+27
4.9516e+07,7.736e+07,6.5975e+27
-3.6795e+06,-4.8544e+07,2.3599e+27
2.9287e+07,1.5394e+07,4.5142e+26
-6.5966e+07,5.735e+07,4.3769e+27
6.8927e+07,1.8995e+07,1.5485e+27
-7.2697e+07,-8.0803e+07,7.8503e+27
2.4179e+07,-6.6173e+07,4.525e+27
-4.1121e+07,-6.4536e+07,4.5876e+27
1.8208e+07,-8.7989e+06,1.603e+26
-6.8903e+07,2.9563e+07,2.0609e+27
5.5416e+07,2.3131e+07,1.3028e+27
8.1647e+06,-9.9937e+07,1.0004e+28
7.2608e+07,1.2478e+07,1.4737e+27
2.6148e+07,-1.5037e+07,3.9704e+26
9.2337e+05,3.7711e+07,1.4223e+27
3.6531e+07,2.9227e+07,1.1878e+27
-9.6107e+07,2.105e+07,2.7522e+27
5.4706e+07,7.6408e+07,6.5864e+27
3.4023e+07,-7.2988e+07,5.6166e+27
6.1543e+07,-1.075e+07,1.0624e+27
-1.4787e+07,-5.9995e+07,3.6541e+27
-9.7578e+07,7.4759e+07,7.9693e+27
-2.5071e+07,1.3055e+07,3.2758e+26
5.7176e+07,3.6992e+07,2.1857e+27
4.1586e+07,-9.0967e+07,8.7074e+27
2.5505e+07,5.8041e+07,3.5314e+27
-3.1854e+06,-6.7317e+07,4.5341e+27
8.0364e+07,1.1433e+07,1.7453e+27
-3.1501e+07,-7.7637e+07,6.2756e+27
-2.5158e+07,-8.5085e+05,1.5896e+26
-9.6198e+07,-4.3527e+07,4.2081e+27
-2.9393e+07,-4.2669e+07,2.0367e+27
6.8272e+07,1.5466e+07,1.4044e+27
2.6117e+07,-2.3738e+07,7.3401e+26
-9.6649e+06,9.4326e+07,8.9207e+27
-5.218e+07,-5.0927e+07,3.2742e+27
-8.1768e+06,4.0047e+06,3.2752e+25
-3.5304e+07,-6.156e+07,4.1012e+27
-2.2379e+07,3.1372e+07,1.1094e+27
-8.9529e+07,4.0532e+07,3.6467e+27
6.2114e+07,6.3223e+07,4.9617e+27
4.3314e+07,2.112e+07,9.1509e+26
1.4579e+07,-9.587e+07,9.2442e+27
-9.3734e+07,5.0832e+07,4.7804e+27
-1.9145e+07,7.7266e+07,6.0617e+27
7.4283e+07,-6.0713e+07,5.0656e+27
-1.1064e+07,6.6624e+07,4.4693e+27
6.8315e+07,6.4015e+07,5.2647e+27
-2.6996e+07,7.1263e+05,1.8271e+26
-7.515e+07,-4.9545e+07,3.8666e+27
-9.7084e+07,-7.1067e+07,7.4069e+27
-6.6857e+07,7.2625e+07,6.3919e+27
6.7771e+07,-4.681e+06,1.1701e+27
-2.5403e+07,-4.5301e+07,2.2135e+27
9.4344e+07,-9.6004e+07,1.1442e+28
9.045e+07,5.0603e+07,4.6059e+27
1.8286e+07,-2.1478e+07,5.4488e+26
-7.9653e+07,1.7123e+07,1.8793e+27
4.0412e+07,1.7747e+07,7.2324e+26
1.9995e+07,-5.4539e+07,3.0744e+27
4.1223e+07,7.3938e+07,5.8917e+27
5.6637e+07,-2.5296e+07,1.4418e+27
2.5945e+07,-5.6638e+07,3.3762e+27
-3.5866e+06,1.6231e+07,2.6665e+26
-5.8209e+07,-3.6686e+07,2.1929e+27
4.8032e+07,-1.6497e+07,8.4893e+26
-9.2947e+06,2.8744e+07,8.4784e+26
-1.3165e+07,-4.4101e+07,1.9882e+27
-7.7017e+06,-3.1993e+07,1.0384e+27
-8.3385e+07,-8.3097e+07,8.6434e+27
4.2892e+07,-2.2625e+07,9.7182e+26
2.2436e+07,-3.0594e+06,1.352e+26
-3.785e+07,2.0629e+07,7.8373e+26
-2.3873e+07,8.8541e+07,7.982e+27
-1.3448e+07,2.3548e+07,5.9973e+26
-6.7247e+07,2.0758e+07,1.5614e+27
2.1784e+07,-1.1216e+07,2.4444e+26
2.3513e+07,3.285e+07,1.2174e+27
-6.5231e+06,7.939e+07,6.3134e+27
2.0651e+07,-6.1169e+07,3.8482e+27
2.8535e+07,-5.4969e+07,3.2252e+27
6.9821e+07,-7.454e+07,6.775e+27
-6.2477e+07,7.3752e+07,6.4152e+27
-7.9228e+07,6.6123e+07,5.9415e+27
-6.3003e+07,-1.6404e+07,1.2614e+27
-5.3801e+07,6.4196e+07,4.8448e+27
8.5869e+07,8.4138e+07,8.9226e+27
-4.2184e+07,-8.4177e+07,7.5306e+27
-7.0343e+07,-3.855e+07,2.7232e+27
-5.6378e+07,7.1694e+07,5.9347e+27
8.5587e+07,6.0213e+07,5.4568e+27
2.477e+07,-3.2427e+07,1.2049e+27
4.2339e+07,6.2366e+07,4.3376e+27
-6.7768e+05,4.1911e+06,1.768e+25
8.6138e+06,8.2618e+07,6.8442e+27
1.6306e+07,7.2911e+07,5.3825e+27
-6.0905e+07,-3.2086e+07,1.9569e+27
9.6775e+07,3.3522e+06,2.3526e+27
-2.9419e+07,-4.7106e+07,2.4353e+27
-4.0734e+07,-3.7578e+07,1.8269e+27
8.2758e+07,7.1037e+07,6.7585e+27
5.8847e+06,9.2394e+06,9.4025e+25
-4.9768e+07,1.1946e+06,6.2063e+26
1.28e+07,7.2097e+07,5.239e+27
-9.3455e+07,-9.2108e+07,1.0667e+28
-5.1676e+06,4.4827e+07,2.0161e+27
8.327e+07,-2.1839e+07,2.2104e+27
-6.7553e+06,7.316e+07,5.3637e+27
-6.7883e+06,3.3335e+07,1.1227e+27
2.5082e+07,2.5351e+07,7.9996e+26
-8.8511e+07,-6.8771e+07,6.688e+27
-7.2916e+07,-4.5771e+07,3.4242e+27
6.7114e+07,9.9497e+07,1.1026e+28
9.9121e+07,5.0315e+07,4.9878e+27
6.9312e+07,5.674e+07,4.4205e+27
-9.3583e+07,3.4303e+07,3.3661e+27
9.6168e+07,2.901e+06,2.3205e+27
-6.796e+07,-7.6754e+07,7.0459e+27
4.4519e+07,1.5421e+06,4.9786e+26
7.2275e+07,9.5089e+07,1.0348e+28
6.0745e+07,7.527e+07,6.5881e+27
-6.621e+07,6.2323e+07,4.9801e+27
9.9625e+07,-7.6275e+07,8.2992e+27
-5.1032e+07,-2.398e+07,1.2261e+27
-3.0084e+07,1.5821e+07,4.7657e+26
-7.284e+07,6.0117e+07,4.9404e+27
-7.1347e+07,1.7993e+07,1.5964e+27
-4.9367e+07,-1.0158e+07,7.1246e+26
-9.2261e+07,9.6359e+07,1.1413e+28
-5.5932e+07,8.5629e+07,8.1144e+27
-4.9981e+07,-8.0809e+07,7.1546e+27
8.758e+06,-4.3456e+07,1.9076e+27
5.3674e+07,-2.0533e+07,1.1418e+27
3.9017e+07,-6.3229e+07,4.3784e+27
1.2392e+07,-2.8233e+07,8.355e+26
4.5117e+07,-2.7778e+07,1.2805e+27
-2.9429e+07,-3.6954e+07,1.5821e+27
-4.4624e+05,-5.3612e+07,2.8743e+27
-4.035e+05,-5.1439e+07,2.6461e+27
6.5247e+07,3.2396e+07,2.1138e+27
2.2669e+07,-6.4149e+07,4.2435e+27
-4.3205e+07,5.5592e+07,3.5571e+27
4.6501e+06,8.6499e+07,7.4874e+27
-1.0628e+07,7.1248e+07,5.1045e+27
1.3764e+06,-3.6894e+07,1.3617e+27
1.8325e+07,-3.2299e+07,1.1272e+27
2.7275e+07,4.5083e+06,2.0631e+26
-8.8493e+07,3.1847e+06,1.9679e+27
-3.3539e+07,8.2868e+07,7.1483e+27
-9.3459e+07,-5.5603e+07,5.2753e+27
8.9819e+07,9.185e+07,1.0453e+28
6.994e+07,-2.6617e+07,1.9313e+27
5.4319e+07,6.547e+07,5.0239e+27
3.0648e+07,8.1473e+07,6.8727e+27
-8.2387e+07,-3.5591e+06,1.7096e+27
-6.8633e+07,-3.134e+07,2.1598e+27
-3.7478e+07,1.3522e+07,5.3401e+26
6.0122e+06,-3.2121e+07,1.0408e+27
-7.878e+07,-2.0232e+07,1.9609e+27
1.9797e+07,9.0082e+07,8.2127e+27
5.4714e+07,5.4638e+07,3.7337e+27
4.0677e+07,-3.2182e+07,1.4493e+27
-7.4973e+07,9.7934e+07,1.0996e+28
-8.7544e+07,-4.5083e+07,3.9485e+27
-3.3213e+06,-1.7786e+07,3.1911e+26
9.9158e+07,8.2306e+07,9.2324e+27
-1.3173e+07,-9.0101e+07,8.1615e+27
1.239e+07,2.0302e+07,4.5056e+26
-8.9485e+07,-6.8219e+06,2.0485e+27
6.5757e+06,3.9775e+07,1.5929e+27
8.3913e+07,-8.4788e+07,8.9494e+27
5.6025e+07,1.0476e+07,8.9447e+26
5.377e+07,9.5071e+07,9.7614e+27
-1.5225e+07,-6.9476e+07,4.8849e+27
-5.1216e+07,2.7722e+07,1.4243e+27
-2.3671e+07,8.1062e+07,6.7112e+27
-7.3142e+07,6.55e+07,5.6277e+27
2.4484e+07,1.1472e+07,2.8148e+26
5.4633e+07,-6.3895e+07,4.8287e+27
9.1923e+07,4.8072e+07,4.4233e+27
-1.6461e+07,6.1265e+07,3.8211e+27
-3.451e+07,7.1124e+07,5.3564e+27
-6.6655e+07,-6.3728e+06,1.1513e+27
-7.6833e+07,2.8232e+07,2.2729e+27
-2.5237e+06,-9.0944e+06,8.4301e+25
6.0874e+07,-9.0354e+06,1.0081e+27
9.5484e+06,5.5741e+07,3.1299e+27
-1.7477e+07,-6.5659e+07,4.3875e+27
-2.1109e+07,-7.9035e+07,6.3579e+27
-3.5812e+07,-2.5479e+07,9.6979e+26
3.2825e+07,-9.1494e+07,8.6405e+27
6.9214e+07,-7.9014e+07,7.4409e+27
-5.7261e+07,-9.0745e+06,9.0205e+26
3.046e+07,8.4276e+07,7.3344e+27
7.4151e+05,-2.0922e+07,4.3785e+26
1.1183e+07,-8.4319e+07,7.1409e+27
6.4303e+07,7.4678e+07,6.6105e+27
9.1223e+07,6.3149e+07,6.0682e+27
-4.788e+07,2.9444e+06,5.8178e+26
4.6574e+06,-5.0182e+07,2.5237e+27
9.1058e+06,8.8135e+07,7.7885e+27
9.2964e+07,2.3131e+07,2.6956e+27
-9.3364e+07,4.8834e+07,4.564e+27
7.0711e+07,8.3569e+07,8.2338e+27
8.3061e+06,-9.3758e+07,8.8078e+27
8.9562e+07,-1.7477e+07,2.3108e+27
2.7458e+07,6.7362e+07,4.7262e+27
1.5266e+07,1.4249e+07,2.6129e+26
-1.0313e+07,9.532e+07,9.1125e+27
-7.4819e+07,2.5217e+07,2.0354e+27
-2.429e+07,9.7163e+07,9.5882e+27
-9.4596e+07,-8.5852e+07,9.6077e+27
8.9727e+07,4.82e+07,4.336e+27
-6.0091e+07,-9.639e+07,1.0194e+28
-4.3133e+07,2.7072e+07,1.198e+27
2.6294e+07,-5.8988e+07,3.6524e+27
6.1506e+07,-5.0297e+07,3.4755e+27
-1.438e+07,6.6963e+06,9.6538e+25
-8.0892e+07,-6.0233e+07,5.2638e+27
-6.6576e+07,-4.8207e+07,3.432e+27
4.5822e+07,-6.0527e+07,4.1884e+27
-7.5104e+07,-3.2781e+07,2.4847e+27
-9.4876e+07,3.3614e+07,3.3802e+27
8.4433e+07,5.7802e+07,5.1233e+27
-1.6391e+07,-4.2018e+07,1.8327e+27
-3.81e+07,-3.2267e+06,3.7331e+26
-7.2409e+07,-1.7561e+07,1.6192e+27
1.2273e+07,-9.9464e+07,9.9307e+27
8.6766e+07,2.7167e+07,2.6201e+27
2.6983e+07,-2.2177e+07,6.7386e+26
-8.0806e+06,-6.3873e+07,4.0961e+27
-4.8432e+07,9.7923e+07,1.0175e+28
-6.2769e+06,9.4311e+07,8.9045e+27
4.7789e+07,-6.2519e+07,4.4796e+27
-6.2615e+07,-9.4231e+07,9.8596e+27
-9.4363e+07,4.6337e+07,4.3732e+27
3.5989e+07,6.9318e+07,5.1287e+27
3.109e+07,9.9261e+07,1.0094e+28
4.4279e+07,2.0879e+07,9.2609e+26
-3.4493e+07,8.5807e+07,7.6603e+27
-3.0091e+06,2.9356e+06,1.0881e+25
9.2723e+07,6.3763e+07,6.2151e+27
7.2862e+07,-7.8882e+07,7.5497e+27
1.0943e+07,-3.4848e+07,1.2443e+27
5.0163e+06,-1.0631e+07,1.1931e+26
9.089e+07,-4.1606e+07,3.7963e+27
-6.2968e+07,-6.6609e+06,1.0356e+27
-3.817e+07,6.6409e+06,4.0834e+26
-1.053e+07,-1.7748e+07,3.427e+26
-6.0004e+07,-4.6327e+07,3.0463e+27
5.5375e+07,3.5614e+07,2.035e+27
1.7846e+07,6.3236e+07,4.0785e+27
-7.3633e+06,-3.0462e+07,9.4151e+26
5.3368e+07,-1.3889e+07,9.0494e+26
2.8313e+06,7.7847e+07,6.0622e+27
-9.3993e+07,-9.6645e+07,1.1549e+28
3.4293e+07,2.8097e+07,1.0835e+27
-7.5992e+07,2.3609e+06,1.4493e+27
8.3087e+06,-8.6384e+07,7.4795e+27
2.8632e+07,-2.5098e+07,8.3485e+26
-3.6645e+05,5.2135e+07,2.7181e+27
-5.0435e+07,-8.8671e+07,8.4985e+27
-2.0162e+06,1.6946e+07,2.8818e+26
-5.1038e+07,-6.419e+07,4.7716e+27
2.9049e+07,7.5926e+07,5.9757e+27
-5.2287e+07,3.1907e+07,1.7015e+27
2.9159e+07,-3.5618e+07,1.4812e+27
-6.6292e+07,-7.5344e+07,6.7754e+27
7.8198e+07,5.2681e+07,4.304e+27
2.2911e+07,5.6117e+07,3.2803e+27
1.7163e+07,-8.666e+06,1.4874e+26
2.4234e+07,-2.8576e+07,9.6341e+26
-4.4097e+07,1.9154e+07,8.5302e+26
-3.1767e+07,1.1997e+07,3.9622e+26
-6.2713e+07,-2.4617e+07,1.5892e+27
7.3768e+07,-2.521e+07,1.996e+27
6.7832e+07,-8.351e+07,8.1243e+27
8.7999e+07,9.1334e+07,1.0278e+28
-5.4239e+07,-2.404e+07,1.3134e+27
8.7338e+07,3.7812e+07,3.3367e+27
-1.3788e+07,-8.3233e+07,6.9753e+27
-1.0787e+07,-3.2001e+07,1.0532e+27
2.3925e+07,-8.3273e+07,7.0775e+27
-9.4839e+07,-7.1648e+07,7.382e+27
-6.7276e+07,-4.1302e+07,2.8374e+27
-4.9791e+06,2.8123e+07,7.9711e+26
-3.6896e+07,5.8295e+07,3.7387e+27
-3.7959e+07,-6.6558e+07,4.7902e+27
-9.7201e+07,5.8761e+07,5.8149e+27
2.6137e+07,-8.0588e+07,6.6652e+27
2.2602e+07,-2.163e+05,1.2776e+26
-9.5388e+07,-4.0078e+07,3.881e+27
5.7527e+07,5.796e+07,4.1867e+27
-2.203e+06,9.6089e+07,9.2344e+27
-3.3156e+07,8.3963e+07,7.3246e+27
-9.1773e+07,-1.3756e+07,2.2948e+27
4.7827e+07,8.2229e+07,7.3335e+27
5.4904e+07,-4.1953e+07,2.5136e+27
-5.5749e+06,8.1119e+07,6.588e+27
3.0848e+07,-8.8273e+07,8.0301e+27
3.7633e+07,7.0689e+07,5.351e+27
3.5106e+07,-2.2235e+07,8.0249e+26
-9.5587e+07,6.4891e+07,6.495e+27
8.0091e+07,-2.2139e+07,2.0937e+27
6.5995e+07,2.0135e+07,1.4943e+27
-4.5667e+07,-4.749e+07,2.7767e+27
-7.0174e+06,4.1401e+07,1.7264e+27
-5.0942e+06,-8.0042e+07,6.4132e+27
-4.1397e+07,9.2592e+07,9.0017e+27
4.2296e+07,-8.7795e+07,8.1552e+27
-1.9593e+05,7.3215e+07,5.3605e+27
-8.2351e+07,-9.7186e+07,1.114e+28
-6.2471e+07,-1.7968e+07,1.2985e+27
-5.0389e+07,1.9716e+07,1.0235e+27
-7.9718e+07,-8.5184e+07,8.8451e+27
-5.8645e+07,5.2388e+07,3.6043e+27
-4.6313e+07,-4.4095e+07,2.4806e+27
-3.2686e+07,7.3217e+07,5.6279e+27
1.3648e+07,-9.6548e+07,9.3681e+27
-2.2313e+07,-1.9427e+07,5.0188e+26
5.3142e+06,1.0355e+07,1.1429e+26
5.7819e+07,3.1284e+07,1.8144e+27
-2.1998e+07,-7.3945e+07,5.5888e+27
4.4444e+07,7.7585e+07,6.5132e+27
-8.8483e+06,-1.4279e+07,2.2346e+26
5.0509e+07,-9.9138e+07,1.0466e+28
-9.8207e+07,-3.2804e+07,3.4872e+27
4.5136e+07,5.8104e+07,3.8854e+27
6.0562e+07,-6.7821e+07,5.5166e+27
-6.5742e+07,-2.3465e+07,1.6311e+27
9.4213e+07,-4.9396e+07,4.659e+27
-9.7848e+07,2.7577e+07,3.154e+27
3.3447e+06,2.9549e+07,8.7592e+26
9.8824e+06,-9.9794e+07,9.9832e+27
-9.7595e+07,6.0994e+07,6.1015e+27
-2.2166e+07,-4.7091e+07,2.3404e+27
-2.3148e+06,7.5072e+07,5.6372e+27
4.6746e+07,-1.3807e+06,5.482e+26
-1.5493e+07,-6.9067e+07,4.8302e+27
6.0797e+06,9.9873e+07,9.9838e+27
1.8172e+07,8.3289e+07,7.0197e+27
2.9732e+07,-5.2952e+06,2.4904e+26
-7.1281e+07,5.913e+07,4.7666e+27
-6.8633e+07,9.9773e+07,1.1132e+28
2.8365e+07,3.3657e+07,1.3339e+27
-1.7827e+07,-6.9358e+06,1.2756e+26
1.5761e+07,-3.4983e+07,1.2859e+27
9.6476e+07,4.2455e+07,4.1294e+27
5.3322e+06,-1.8909e+07,3.6467e+26
8.7387e+06,-1.2963e+07,1.8713e+26
-7.2081e+07,-6.3809e+07,5.3705e+27
-8.1158e+07,-9.828e+07,1.1306e+28
3.0975e+07,-9.1557e+07,8.6225e+27
-9.684e+07,-6.5834e+07,6.6786e+27
6.5174e+06,-2.0276e+07,4.2175e+26
-2.6367e+07,7.9187e+06,2.365e+26
-9.4312e+07,-4.9711e+07,4.6949e+27
-5.1605e+07,-5.193e+07,3.3625e+27
1.3658e+07,2.6205e+06,5.3505e+25
-8.8048e+07,1.8942e+07,2.2969e+27
-1.5472e+07,-7.4981e+07,5.682e+27
-2.5051e+07,-4.8563e+07,2.5152e+27
8.4705e+06,3.2026e+07,1.0436e+27
2.2106e+07,8.5376e+07,7.4112e+27
-5.8208e+07,-8.9325e+07,8.826e+27
6.5064e+07,2.9626e+07,1.9361e+27
7.8726e+07,-3.0394e+07,2.4732e+27
2.9733e+07,6.9136e+07,5.0008e+27
-6.1351e+07,5.7396e+07,4.2353e+27
-6.9932e+07,-8.4883e+06,1.2947e+27
9.5576e+07,-5.2251e+07,5.0139e+27
2.6935e+07,-7.9771e+07,6.5448e+27
-9.2427e+07,-5.3503e+07,4.9982e+27
9.8084e+07,9.0372e+06,2.4868e+27
-5.3654e+07,-2.2135e+07,1.2096e+27
-7.4362e+07,-1.3761e+07,1.5718e+27
2.9014e+07,6.3138e+06,2.5032e+26
4.1655e+07,3.6532e+07,1.7683e+27
1.4793e+07,3.4322e+07,1.2327e+27
8.0867e+06,-9.7629e+07,9.5478e+27
7.1016e+06,-6.9454e+07,4.8364e+27
-2.7834e+07,8.3205e+07,7.1168e+27
-7.6902e+07,6.8972e+07,6.2355e+27
8.446e+07,2.421e+06,1.7892e+27
3.4317e+07,2.7574e+06,3.0201e+26
-5.9294e+07,7.9318e+07,7.1704e+27
-1.482e+07,6.2195e+07,3.9231e+27
5.095e+07,4.7517e+07,2.9068e+27
-4.1178e+07,6.6306e+07,4.8204e+27
9.0815e+07,5.5057e+07,5.0931e+27
1.648e+07,5.7463e+07,3.37e+27
7.0064e+07,3.1067e+07,2.1924e+27
-6.1958e+07,7.9152e+07,7.2248e+27
2.2802e+07,6.8048e+07,4.7605e+27
3.1609e+07,-1.0923e+07,3.691e+26
2.2283e+07,-2.9418e+07,9.8954e+26
-7.3113e+07,-2.3493e+06,1.3419e+27
-5.1753e+07,-6.8092e+07,5.3062e+27
-6.6364e+06,-7.3674e+06,6.5289e+25
8.7771e+07,-5.6658e+07,5.1361e+27
4.4382e+06,5.1467e+07,2.6538e+27
6.5302e+07,-9.8623e+07,1.0793e+28
1.3465e+07,-8.9301e+07,8.0199e+27
7.2194e+07,-8.2713e+07,8.1444e+27
7.4604e+07,7.0706e+07,6.3908e+27
3.9557e+07,-5.7109e+07,3.6526e+27
-6.1063e+07,-8.0663e+07,7.4387e+27
-7.7715e+06,-9.0615e+07,8.2263e+27
-7.7598e+06,7.2526e+07,5.2751e+27
3.743e+07,-7.7466e+07,6.3512e+27
-9.1249e+07,-5.2674e+07,4.8562e+27
8.1723e+07,1.5826e+07,1.9201e+27
-2.4672e+06,-6.2176e+07,3.8674e+27
2.4446e+07,-7.5293e+07,5.8184e+27
1.3162e+07,2.732e+07,7.8967e+26
-7.6382e+07,-4.0994e+06,1.4754e+27
-2.9449e+07,7.314e+07,5.5662e+27
8.5532e+07,-2.0773e+07,2.2605e+27
3.8907e+07,-5.7422e+07,3.6757e+27
7.0993e+07,-3.5476e+07,2.5185e+27
-2.8312e+07,-6.5919e+07,4.5457e+27
8.1344e+07,9.3616e+06,1.7419e+27
-7.7608e+07,-7.4267e+07,7.0213e+27
1.3986e+07,-7.6705e+07,5.9325e+27
6.3558e+07,-3.2751e+07,2.0825e+27
-4.3865e+06,3.7293e+07,1.3956e+27
-3.9283e+07,-3.9491e+07,1.9453e+27
-3.9007e+07,7.1477e+07,5.4894e+27
3.819e+07,4.3634e+06,3.8366e+26
-8.8955e+07,2.4716e+07,2.5891e+27
7.9047e+07,-9.2592e+07,1.0135e+28
-2.5663e+07,5.643e+06,1.9649e+26
-9.5049e+07,8.3725e+07,9.2684e+27
2.8648e+07,-5.1171e+07,2.8237e+27
2.0697e+07,5.085e+07,2.6928e+27
-5.177e+07,2.7152e+07,1.4073e+27
-7.8321e+07,9.2654e+07,1.0118e+28
3.154e+06,-9.2428e+07,8.5454e+27
-8.328e+07,-5.7291e+07,5.0161e+27
-8.365e+07,-8.44e+07,8.8726e+27
-6.7617e+07,6.648e+07,5.5626e+27
2.4151e+07,-5.7075e+07,3.4034e+27
8.5967e+07,6.534e+07,6.117e+27
-1.6962e+07,-6.2078e+07,3.9255e+27
-4.2637e+06,8.9943e+07,8.0943e+27
2.6571e+07,7.9652e+07,6.5209e+27
-7.761e+07,-5.5596e+07,4.5967e+27
8.5806e+07,1.8349e+07,2.1773e+27
-5.8169e+07,4.9938e+07,3.3397e+27
